,precision,recall,f1-score,support
0,0.7406658083501931,0.7355251141552511,0.7380865102639296,5475.0
1,0.7373480863413749,0.7424657534246575,0.7398980706224972,5475.0
accuracy,0.7389954337899544,0.7389954337899544,0.7389954337899544,0.7389954337899544
macro avg,0.7390069473457841,0.7389954337899542,0.7389922904432134,10950.0
weighted avg,0.739006947345784,0.7389954337899544,0.7389922904432135,10950.0
