,precision,recall,f1-score,support
False,0.7498120300751879,0.7285844748858448,0.7390458545622974,5475.0
True,0.736056838365897,0.7568949771689498,0.7463304817649707,5475.0
accuracy,0.7427397260273972,0.7427397260273972,0.7427397260273972,0.7427397260273972
macro avg,0.7429344342205424,0.7427397260273974,0.7426881681636341,10950.0
weighted avg,0.7429344342205424,0.7427397260273972,0.7426881681636341,10950.0
