,precision,recall,f1-score,support
False,0.7434004061288536,0.7355251141552511,0.7394417921410209,5475.0
True,0.7382974878004699,0.7461187214611872,0.7421874999999999,5475.0
accuracy,0.7408219178082192,0.7408219178082192,0.7408219178082192,0.7408219178082192
macro avg,0.7408489469646617,0.7408219178082192,0.7408146460705104,10950.0
weighted avg,0.7408489469646617,0.7408219178082192,0.7408146460705104,10950.0
