,precision,recall,f1-score,support
0,0.7687178510192417,0.736986301369863,0.7525177172696755,5475.0
1,0.7474127346079635,0.7782648401826484,0.7625268432355046,5475.0
accuracy,0.7576255707762557,0.7576255707762557,0.7576255707762557,0.7576255707762557
macro avg,0.7580652928136027,0.7576255707762557,0.75752228025259,10950.0
weighted avg,0.7580652928136026,0.7576255707762557,0.75752228025259,10950.0
