,precision,recall,f1-score,support
0,0.7733308042488619,0.7446575342465753,0.758723364659905,5475.0
1,0.7537865445579429,0.7817351598173516,0.7675065004931408,5475.0
accuracy,0.7631963470319635,0.7631963470319635,0.7631963470319635,0.7631963470319635
macro avg,0.7635586744034024,0.7631963470319635,0.763114932576523,10950.0
weighted avg,0.7635586744034025,0.7631963470319635,0.763114932576523,10950.0
