,precision,recall,f1-score,support
0,0.769728085187298,0.7393607305936073,0.7542388671511087,5475.0
1,0.7492532068177825,0.7788127853881278,0.7637470893784704,5475.0
accuracy,0.7590867579908676,0.7590867579908676,0.7590867579908676,0.7590867579908676
macro avg,0.7594906460025402,0.7590867579908676,0.7589929782647895,10950.0
weighted avg,0.7594906460025402,0.7590867579908676,0.7589929782647895,10950.0
