,precision,recall,f1-score,support
0,0.7660818713450293,0.7417351598173516,0.7537119524870082,5475.0
1,0.7496902106567535,0.7735159817351598,0.7614167565623876,5475.0
accuracy,0.7576255707762557,0.7576255707762557,0.7576255707762557,0.7576255707762557
macro avg,0.7578860410008914,0.7576255707762557,0.757564354524698,10950.0
weighted avg,0.7578860410008914,0.7576255707762557,0.7575643545246978,10950.0
