,precision,recall,f1-score,support
False,0.7598187311178247,0.7349771689497717,0.7471915328196083,5475.0
True,0.7433675274142201,0.7676712328767124,0.755323928475155,5475.0
accuracy,0.751324200913242,0.751324200913242,0.751324200913242,0.751324200913242
macro avg,0.7515931292660224,0.751324200913242,0.7512577306473815,10950.0
weighted avg,0.7515931292660223,0.751324200913242,0.7512577306473815,10950.0
